kilometros,millas
1,0.621371
5,3.10686
10,6.21371
25,15.5343
40,24.8548
50,31.0686
75,46.6028
100,62.1371