metros,pies
1,3.28084
7,22.9659
13,42.6509
22,72.1785
37,121.391
43,141.076
3,9.84252
11,36.0892
55,180.446